time,coolingLoad,n,Mode,CT_c,CHP_c,CP_c,Chiller_c,Tset,Twb,valveOpen,Val9,Val10,StoragePumpSignal
0,7000000,1,1,1,1,1,TRUE,293.0264766355844,300.15,0,0,1,1
3599,7000000,1,1,1,1,1,TRUE,293.0264766355844,300.15,0,0,1,1
3600,7000000,1,2,1,1,1,TRUE,293.0264766355844,301.15,1,1,0,0
7199,7000000,1,2,1,1,1,TRUE,293.0264766355844,301.15,1,1,0,0
7200,7000000,1,2,1,1,1,TRUE,293.0264766355844,301.15,1,1,0,0
